account,name,link,keywords
@CarlisleRainey@sciences.social,Carlisle Rainey,https://sciences.social/@CarlisleRainey,political methodology; experimental design; Bayesian methods; computational methods
@pedrobarbabela@mastodon.world,Pedro Barbabela,https://mastodon.world/@pedrobarbabela,LGBTI+ politics; political careers; elections; brazilian politics
@Jurgen@mastodon.world,Jurgen Braungardt,https://mastodon.world/@Jurgen,Political Philosophy
@michaelrubin@sciences.social,Michael Rubin,https://sciences.social/@michaelrubin,armed conflict; political violence; international security; human rights
@ced3rico@econtwitter.net,Cédric M. Koch,https://econtwitter.net/@ced3rico,Political Economy; International Relations; Populism; Democratic Theory
@lucian_ashworth@sciences.social,Lucian M. Ashworth,https://sciences.social/@lucian_ashworth,International Relations; History of International Thought
@akblum@mstdn.social,Ashley Blum,https://mstdn.social/@akblum,propaganda; misinformation; Russian politics; political behavior; public opinion
@demcintosh@universeodon.com,Daniel McIntosh,https://universeodon.com/@demcintosh,Security; IR; IPE; international law and organizations; nationalism; globalism
@KaiMThaler@sciences.social,Kai M. Thaler,https://sciences.social/@KaiMThaler,Conflict; violence; security; statebuilding; protests; authoritarianism; democracy
@YaelZeira@mastodon.social,Yael Zeira,https://mastodon.social/@YaelZeira,Political conflict/violence; social movements; ethnic politics; MENA
@gerasy@mstdn.social,Georgiy Syunyaev,https://mstdn.social/@gerasy,Comparative Politics; Authoritarian Propaganda; Political Economy of Media
@williamtdaniel@mastodonapp.uk,Will Daniel,https://mastodonapp.uk/@williamtdaniel,institutions; EU; gender and representation; legislatures; parties; elites; careers
@steven_feldstein@mstdn.social,Steven Feldstein,https://mastodon.social/@steven_feldstein,Democracy; technology; international relations
@pgraterol@mastodon.world,Pedro Luis Graterol,https://mastodon.world/@pgraterol,Democratic Backsliding; Venezuelan politics; Social media and politics
@carlawinston@sciences.social,Carla Winston,https://sciences.social/@carlawinston,IR; International Law; Human Rights; Norms; Complexity
@jandrewsinclair@mastodon.online,Andrew Sinclair,https://mastodon.online/@jandrewsinclair,American politics; public opinion; public policy; public administration; political reform
@danaelkurd@mastodon.social,Dana El Kurd,Https://mastodon.social/@danaelkurd,Authoritarianism; protest; international intervention
@alicetimken@mas.to,Alice Cho Timken,https://mas.to/@alicetimken,Comparative politics; law and courts; institutions; judges and lawyers.
@gabrielleonablan@econtwitter.net,Gabriel Leon-Ablan,https://econtwitter/@gabrielleonablan,riots and protests; social order; historical political economy
@kwalz@sciences.social,Kevin Walz,https://sciences.social/@kwalz,autocratization; democratic resilience;
@ruthcarlitz@mastodon.social,Dr. Ruth D. Carlitz,https://mastodon.social/@ruthcarlitz,Political economy of development; Africa; service delivery
@amberzenklusen@fediscience.org,Amber Zenklusen,https://fediscience.org/@amberzenklusen,expertise; political behavior; political parties; gender; social policy
@gbeaumier@sciences.social,Guillaume Beaumier,https://sciences.social/@gbeaumier,IPE; Regulatory politics; Global Governance; Digital tech; Privacy; Space; Blockchain;
@krause_we@fediscience.org,Werner Krause,https://fediscience.org/@krause_we,Comparative Politics; Radical Political Parties; Political Behavior
@AnneVanBavel@mastodon.social,Anne Van Bavel,https://mastodon.social/@AnneVanBavel,Gender & politics; gender-based violence; violence against women in politics
@hannahoorts@universeodon.com,Hannah Oorts,https://universeodon.com/@hannahoorts,representation; claim-making; performance; audience; performativity
@m_kemmerling@mastodon.social,Michael Kemmerling,https://mastodon.social/@m_kemmerling,Business Power; Digitalization; Platform Capitalism; Lobbying; Copyright Policy
@caterinafroio@mastodon.uno,Caterina Froio,https://mastodon.uno/@caterinafroio,Political conflict; Social movements; Digital media; Right-wing extremism & populism
@desrias@home.social,Enrique Desmond Arias,https://home.social/@desrias,Crime and violence in Latin America and the Caribbean; Comparative Politics
@martineznourdin@sciences.social,Christopher A. Martinez,https://sciences.social/@martineznourdin,presidential & executive politics; government crises; Latin America; comparative politics
@sarahengler@sciences.social,Sarah Engler,https://sciences.social/@sarahengler,Comparative Politics
@hagerali@sciences.social,Hager Ali,Https://sciences.social/@hagerali,Authoritarianism; regime stability; civil-military relations
@downeydavia@mastodon.world,Davia Downey,https://mastodon.world/@DowneyDavia,Federalism; Disaster Management; Urban Policy
@thchau@mastodon.world,Tak-Huen Chau,https://mastodon.world/@thchau,formal theory; comparative politics; behavior; social identity; nationalism; East Asia
@brueckmann@fediscience.org,G. Brückmann,Https://fediscience.org/@brueckmann,Energy policy; public acceptance; transport policy; climate policy; behaviour
@elinbja@mastodon.nu,Elin Bjarnegård,https://mastodon.nu/@elinbja,gender; institutions; authoritarianism; political violence; corruption; masculinities
@notstevenwhite@mastodon.social,Steven White,https://mastodon.social/@notstevenwhite,American political development; race and politics
@AntValentim@sciences.social,António Valentim,https://sciences.social/@AntValentim,Comparative politics: Political behaviour; political elites; environmental politics.
@Bram_Wauters@mastodon-belgium.be,Bram Wauters,https://mastodon-belgium.be/@Bram_Wauters,political parties; elections; diversity; participation
@patrick@sciences.social,Patrick Theiner,https://sciences.social/@patrick,international relations; comparative regionalism; global health; international sports
@sandersandrew@mastodon.scot,Andrew Sanders,https://mastodon.scot/@sandersandrew,Terrorism and Political Violence; Irish Politics; US politics
@IsabelLaterzo@mastodon.social,Isabel Laterzo,https://mastodon.social/@IsabelLaterzo,Comparative Politics; Violence & Public Security; Latin America; Mixed Methods
@helgej_@mas.to,Helge Jörgens,https://mas.to/@helgej_,environmental policy; climate policy; policy analysis; international public administration
@lenka_drazanova@sciences.social,Lenka Dražanová,https://sciences.social/@lenka_drazanova,Public opinion; attitudes formation; political socialization; quantitative methods
@sumitra@mstdn.social,Sumitra Badrinathan,https://mstdn.social/@sumitra,Misinformation; South Asia; Experiments; Political Behavior; Polarization
@owasow@mastodon.social,Omar Wasow,https://mastodon.social/@owasow,Race and Ethnic Politics
@cw_powi@mastodon.social,L. Constantin Wurthmann,https://mastodon.social/@cw_powi,Voting Behavior; Political Representation; LGBTQ; Coalition Preferences; Political Parties
@mmvanditmars@fediscience.org,Mathilde van Ditmars,https://fediscience.org/@mmvanditmars,political sociology; political behaviour; political socialization; gender & politics
@DylanODriscoll@sciences.social,Dylan O'Driscoll,https://sciences.social/@DylanODriscoll,Peace and Conflict
@nikolaschmidt@mastodon.world,Nikola Schmidt,https://mastodon.world/@nikolaschmidt,science and technology politics; global governance; space policy; planetary defense;
@Jessandtech@mastodon.social,Jessica Percy Campbell,https://mastodon.social/@Jessandtech,surveillance studies; privacy policy; AI; older adults; smart homes
@rnavarre@mastodon.social,Rachel Navarre,https://mastodon.social/@rnavarre,Populism; Immigration Policy; Europe; US
@alessandro_nai@mastodon.world,Alessandro Nai,https://mastodon.world/@alessandro_nai,political communication; political psychology; voting; persuasion; personality
@KlausGerdGiesen@mastodon.social,Klaus-Gerd Giesen,https://mastodon.social/@KlausGerdGiesen,International Relations; Political Theory; Ideologies; Ethics; Technology
@profmusgrave@mastodon.online,Paul Musgrave,https://mastodon.online/@profmusgrave,International relations; U.S. foreign policy
@piaraffler@sciencemastodon.com,Pia Raffler,https://sciencemastodon.com/@piaraffler,political economy of development; African politics; accountability & representation
@chris_claassen@mastodon.online,Chris Claassen,https://mastodon.online/@chris_claassen,public opinion; comparative politics; bayesian statistics
@RomanaCareja@fediscience.org,Romana Careja,https://fediscience.org/@RomanaCareja,migration; institutions; comparative policies; attitudes
@madsejsing@mastodon.world,Mads Ejsing,https://mastodon.world/@madsejsing,Political theory; environmental politics; climate justice; new materialism; Anthropocene
@lucasleemann@mastodon.online,Lucas Leemann,https://mastodon.online/@lucasleemann,Comparative Politics
@GreenLeftHand@nerdculture.de,Valerie Lawson-Last,https://nerdculture.de/@GreenLeftHand,German politics; the left; class; German Left Party (Linkspartei)
@maxheermann@eupolicy.social,Max Heermann,https://eupolicy.social/@maxheermann,European integration; digital policy; public opinion; lobbying
@decustecu@mstdn.social,Dominik Stecula,https://mstdn.social/@decustecu,political communication; political behavior; political psychology; science communication
@seimel@eupolicy.social,Armin Seimel,https://eupolicy.social/@seimel,Interested in behaviour particularly attitudes towards the EU an democratic governance
@KatyRob@sciences.social,Katy Robinson,https://sciences.social/@KatyRob,International relations; civil war; terrorist; insurgent; rebel groups; political violence
@katadeney@mastodonapp.uk,Katharine Adeney,https://mastodonapp.uk/@katadeney,India; Pakistan; South Asia; Federalism; Majoritarianism; Democracy; EDI; ethnic politics
@julietp83@ohai.social,Giulia Piccolino,https://ohai.social/@julietp83,Peacebuilding; politics after conflict; stabilization; West Africa; rebel governance
@macartan@sciences.social,Macartan Humphreys,https://sciences.social/@macartan,Political inequality; political economy of development; research methods; violence
@AndreaFelicetti@mastodon.uno,Andrea Felicetti,https://mastodon.uno/@AndreaFelicetti,Democracy; Social Movements; Governance; Deliberation; Participation
@jelkink@mastodon.ie,Jos Dornschneider-Elkink,https://mastodon.ie/@jelkink,quantitative methods; computational social science; network analysis; spatial econometrics
@trcook@fediscience.org,Thomas R. Cook,https://fediscience.org/@trcook,Political Economy; International Relations; Central Banking; Applied ML Methodology
@dhnexon@sciences.social,Dan Nexon,https://sciences.social/@dhnexon,international order; state formation; power politics
@LMayka@mastodon.online,Lindsay Mayka,https://mastodon.online/@LMayka,comparative politics; Latin America; social movements;  public policy; urban politics
@tkumar@econtwitter.net,Tanu Kumar,https://econtwitter.net/@tkumar,urban politics; development; Indian politics
@pguasta@lile.cl,Piero Guasta,https://lile.cl/@pguasta,International Relations; Digital Trade; Data Privacy and Asia
@dnh@techhub.social,"Nola Haynes, Ph.D, M.Div",https://techhub.social/@dnh,International Relations; Security Studies; threats; arms control & international security
@jeffcarter@mastodon.social,Jeff Carter,https://mastodon.social/@jeffcarter,international relations; interstate conflict; political leaders; peace science
@msaeltzer@nerdculture.de,Marius Sältzer,https://nerdculture.de/@msaeltzer,Computational Social Science; parties; ideal point estimation; social media data
@victor_asal@c.im,Victor Asal,https://c.im/@victor_asal,Non-state actor political violence; Political Discrimination; Interactive Pedagogy
@nickansteas@mastodonapp.uk,Nick Anstead,https://mastodonapp.uk/@nickanstead,Political communications; elections; institutionalism
@sofiaammassari@mastodon.au,Sofia Ammassari,https://mastodon.au/@sofiaammassari,Populist radical right; party membership; gender and party politics
@dnaseemullah@mastodon.social,Dann Naseemullah,https://mastodon.social/@dnaseemullah,comparative politics; South Asia; development; violence; colonial legacies; populism
@patrickmello@sciences.social,Patrick A. Mello,https://sciences.social/@patrickmello,International security; foreign policy analysis; Qualitative Comparative Analysis (QCA)
@javiermcanto@mastodon.social,Javier Martínez-Cantó,https://mastodon.social/@javiermcanto,Comparative politics; Political Parties; Representation; Legislative behavior; Federalism
@llewelyn_hughes@mastodon.green,Llewelyn Hughes,https://mastodon.green/@llewelyn_hughes,energy transition; political economy
@mwosnitz@econtwitter.net,Max A. Wosnitza,https://econtwitter.net/@mwosnitz,state building; climate change; social change; natural disaster adaptation; risk; conflict
@damlakeskekci@sciences.social,Damla Keşkekci,https://sciences.social/@damlakeskekci,Political sociology; social movements; far-right; Western Europe; text analysis
@andreapirro@mastodon.social,Andrea Pirro,https://mastodon.social/@andreapirro,far right; populism; Euroscepticism; party politics; social movements
@AElliotPR@eupolicy.social,Adrian Elliot,https://eupolicy.social/@AElliotPR,Latin American Politics; UK; Spain; Brexit; EU institutions; international relations
@cqschneider@fediscience.org,Carsten Q. Schneider,https://fediscience.org/@cqschneider,Political regime change; comparative methods; Qualitative Comparative Analysis (QCA)
@mikesalamone@sciences.social,Michael Salamone,https://sciences.social/@mikesalamone,American politics; judicial politics
@HFayet@bagarrosphere.fr,Héloïse Fayet,https://bagarrosphere.fr/@HFayet,Nuclear weapons; deterrence; nuclear proliferation; Middle Eastern politics; intelligence
@FredericMerand@sciences.social,Frederic Merand,https://sciences.social/@FredericMerand,International relations; comparative politics; European Union
@tkveberg@infosec.exchange,Torbjørn Kveberg,https://infosec.exchange/@tkveberg,national security; cyber security; cyber operations; influence; propaganda
@WilliamJKelleher@sciences.social,"William J. Kelleher, PhD",https://sciences.social/@WilliamJKelleher,Interpretation; Mixed methods; Interpretive Methods; Anti-Positivism; Comparative Politics
@ozerthinking@fosstodon.org,Adam Ozer,https://fosstodon.org/@ozerthinking,Political behavior; mass media; communication; psychology; and experimental methodology.
@rikefranke@bagarrosphere.fr,Ulrike Franke,https://bagarrosphere.fr/@rikefranke,International security; EU politics; European defence policy; German defence policy
@SimonPersico@mastodon.top,Simon Persico,https://mastodon.top/@SimonPersico,environment; elections; parties; agenda setting
@ptrckflmm@fediscience.org,Patrick Flamm,https://fediscience.org/@ptrckflmm,International Relations; Environment and Security in the Anthropocene; Polar Geopolitics.
@Na_Wehl@sciences.social,Nadja Wehl,https://sciences.social/@Na_Wehl,Political Attitudes&Behaviour; Perceptions; Socializazion; Inequality; Causal Inference
@acpacek@mastodon.social,Alexander Pacek,https://mastodon.social/@acpacek,Mass Political Behavior
@shmorell@sciences.social,Sara Morell,https://sciences.social/@shmorell,American Politics; Gender; Political Behavior
@ben_guinaudeau@mstdn.social,Benjamin Guinaudeau,https://mstdn.social/@ben_guinaudeau,Legislative;Online Behaviour;CSS;Political methodology;European
@annebind@fediscience.org,Anne Binderkrantz,https://fediscience.org/@annebind,interest groups; influence; corporations; political elites; teaching evaluations
@egocantos@mastodon.social,Ezequiel Gonzalez-Ocantos,https://mastodon.social/@egocantos,Judicial Politics; Law and Society; Transitional Justice; Corruption; Latin America
@MateuszWajzer@techhub.social,Mateusz Wajzer,https://techhub.social/@MateuszWajzer,rational choice theory; politics and biology; modelling
@OpenlyBiased@mastodon.social,Dr. Leandra Bias,https://mastodon.social/@OpenlyBiased,Authoritarianism
Feminism
Foreign policy
Social movements
Russia
Western Balkans
@gehlbach@econtwitter.net,Scott Gehlbach,https://econtwitter.net/@gehlbach,Autocracy; HPE; Eurasia
@ophiryotam@mastodon.social,Dr. Yotam Ophir,Http://mastodon.social/@ophiryotam,Political Communication
@fsolt@mastodon.social,Frederick Solt,https://mastodon.social/@fsolt,comparative politics; inequality; democracy; public opinion; computational social science
@anthlittle@econtwitter.net,Andrew Little,https://econtwitter.net/@anthlittle,Formal theory; political behavior; comparative politics
@gwagner@fediscience.org,Gernot Wagner,https://fediscience.org/@gwagner,climate change; climate policy
@tonirodon@kfem.cat,Toni Rodon,https://kfem.cat/@tonirodon,Political Behaviour; Comparative Politics; Historical Political Economy
@cdcrabtree@mstdn.social,Charles Crabtree,https://mstdn.social/@cdcrabtree,Discrimination; American politics; Japanese politics
@icjohnson@sciences.social,Isaiah Johnson,https://sciences.social/@icjohnson#,Race and Ethnic Politics; Political Behavior; Formal and Quantitative Methods
@AndrewCrines@mastodon.world,Andrew S. Roe-Crines,https://mastodon.world/@AndrewCrines,Political Communication; Rhetorical Theory; Leadership Studies; Parties/Governance.
@GeorgeKyris@sciences.social,George Kyris,https://sciences.social/@GeorgeKyris,Conflict; international organisations; sovereignty; recognition
@Deshdeep@sciences.social,Deshdeep Dhankhar,https://sciences.social/@Deshdeep,Democracy; Political Behaviour & Electoral Accountability
@cervas@mastodon.world,Jonathan Cervas,https://mastodon.world/@cervas,American politics
@jwes@mas.to,Wes Hutto,https://mas.to/@jwes,Security studies; IR; regional powers; drones; military strategy
@soerendamsbo@econtwitter.net,Søren Damsbo-Svendsen,https://econtwitter.net/@soerendamsbo,Political behavior; climate change; public opinion; causal inference
@AnneRasmussen@fediscience.org,Anne Rasmussen,https://fediscience.org/@AnneRasmussen,Lobbying | Representation | Public Opinion & Policy | Gender | Parties | Social Media
@RomainLachat@sciences.social,Romain Lachat,https://sciences.social/@RomainLachat,Elections; Public Opinion; Representation; Electoral systems
@HaasVioleta@sciences.social,Violeta Haas,https://sciences.social/@HaasVioleta,policial behavior; social norms; LGBTQ+ rights
@jeromedrev@mas.to,Jerome Drevon,https://mas.to/@jeromedrev,Civil wars; political violence; jihadi groups; insurgencies
@emineari@mastodon.world,Emine Ari,https://mastodon.world/@emineari,inter-state and intra-state conflict; political violence; state of emergencies
@DrJoyZhang@sciences.social,Joy Y Zhang,Https://sciences.social/@drjoyzhang,Science diplomacy; global governance; social movement; Global South
@fatiherol@mastodon.world,Fatih Erol,https://mastodon.world/@fatiherol,political behavior; political psychology; experimental research
@rgomez@home.social,Raul Gomez,https://home.social/@rgomez,Electoral behaviour; public opinion; Comparative Politics; Radical Left Parties
@GiuliaSciorati@mastodon.uno,GiuliaSciorati,https://mastodon.uno/@GiuliaSciorati,International Relations
@kevinkoehler@mastodon.online,Kevin Koehler,https://mastodon.online/@kevinkoehler,comparative politics; security; MENA; political elites; coups d'état; regime change
@abbamouse@sciences.social,Jeffrey DIxon,https://sciences.social/@abbamouse,IR; Conflict Studies; Conflict Data; Civil Wars; Politics of Literature
@gregcsheen@econtwitter.net,Greg Chih-Hsin Sheen,https://econtwitter.net/@gregcsheen,political communication; experiments; formal theory; authoritarianism
@rmcpsci@mstdn.jp,Lauren C. Bell,https://mstdn.jp/@rmcspci,Congress; legislative procedure; judicial nominations; filibusters and obstruction
@jasperkauth@sciences.social,Jasper T Kauth,https://sciences.social/@jasperkauth,comparative politics; IR; migration; illiberalism; state theory
@PetiaKostadinova@mastodon.world,Petia Kostadinova,https://mastodon.world/@PetiaKostadinova,European Union; comparative institutions; democratic representation
@box@sciences.social,Daniel Bochsler,https://sciences.social/@box,Elections; democracy; institutions; ethnic politics; Central and Eastern Europe.
@criticalcanadians@socialism.social,Critical Canuck,https://socialism.social/@criticalcanadians,Ethnic politics; civil conflict; far-right extremism; comparative; IR; security studies
@LBenabdallah@sciences.social,Lina Benabdallah,https://sciences.social/@LBenabdallah,International Relations; Global South; China-Africa
@cczymara@sciences.social,Christian Czymara,http://sciences.social/@cczymara,Immigration; attitudes; political communication
@dorssom@polisci.network,Elizabeth Dorssom,https://polisci.network/@dorssom,focus: American Political economy and political institutions
@jvtk@eupolicy.social,Jens van 't Klooster,Https://eupolicy.social/@jvtk,Political economy; normative theory
@nenaoana@sciences.social,Ioana-Elena Oana,https://sciences.social/@nenaoana,Political Behavior; EU and crisis politics; QCA; text as data; survey experiments
@blakemiller@sciences.social,Blake Miller,https://sciences.social/@blakemiller,Methodology; China; information control; political communication; authoritarian politics
@Jakobschwoerer@det.social,Jakob Schwörer,https://det.social/@Jakobschwoerer,Party Politics; Populism; Nativism; Religion; Environmental Politics; Western Europe;
@afouxenidis@mastodon.world,Alex Afouxenidis,https://mastodon.world/@afouxenidis,civil society; social movements; political sociology
@Electionsmith@mastodon.online,Daniel Smith,https://mastodon.online/@Electionsmith,voting; elections; direct democracy; American state politics; Florida
@DetersHenning@eupolicy.social,Henning Deters,https://eupolicy.social/@DetersHenning,European Union; judicial politics; European Court of Justice; environment
@melovell@sciences.social,Melissa Lovell,https://sciences.social/@melovell,Australian Politics. Social Policy. Citizenship. Anti-Racism.
@chadmbriggs@climatejustice.rocks,Chad M Briggs,https://climatejustice.rocks/@chadmbriggs,Climate security; energy policy; disinformation; cyber security; Ukraine; Kosovo; Arctic
@58mph@masthead.social,Brett Heindl,https://masthead.social/@58mph,Human rights; global migration; international organizations
@mpaarlberg@mastodon.cloud,Michael Paarlberg,https://mastodon.cloud/@mpaarlberg,Latin American politics; international migration; security
@ahomolar@mastodon.nz,Alex Homolar,https://mastodon.nz/@ahomolar,International Relations; International Security; Political Psychology; Communication
@ProfStevenSmith@mstdn.social,Steven S Smith,https://mstdn.social/@ProfStevenSmith,American politics; Congress; public opinion
@nickbednar@sciences.social,Nick Bednar,https://sciences.social/@nickbednar,American Institutions; Bureaucratic Politics; Public Law
@primetek@twit.social,@primetek@twit.social,Https://twit.social/@primetek,Political philosophy; intenl human rights; intrnl relations; intrnl political economy
@clement@sciences.re,Clément Steuer,https://sciences.re/@clement,MENA politics; party politics; party systems; social cleavages
@dedmon@mastodon.social,J Michael Dedmon,https://mastodon.social/@dedmon,European Politics & Political Economy
@dpolisciprof@mas.to,Casey Dominguez,HTTPS://mas.to/@dpolisciprof#,American politics; political parties; presidency
@carmen_wunderlich@sciences.social,Carmen Wunderlich,Https://sciences.social:@carmen_wunderlich,IR; Peace & Conflict Studies; norm research; contestation; nuclear weapons; disarmament
@simonjackman@aus.social,Simon Jackman,https://aus.social/@simonjackman,elections; public opinion; NLP; machine learning
@vtsagkr@sciences.social,Vasiliki (Billy) Tsagkroni,https://sciences.social/@vtsagkr,Far-right; Populism; Political Discourse; Radicalisation; Crisis; Democracy
@DrJonLubin@mstdn.party,Jonathan Lubin,https://mstdn.party/@DrJonLubin,Local and Regional Governance; Urban Affairs; Transportation
@GemaGarcia@mastodon.social,Gema Garcia-Albacete,https://mastodon.social/@GemaGarcia,Political behavior; inequalities; gender and politics; youth politics
@gholliba@mastodon.social,Gary Hollibaugh,https://mastodon.social/@gholliba,American institutions; executive politics; public administration; personality psychology
@carolineleicht@mastodon.world,Caroline Leicht,https://mastodon.social/@carolineleicht,gender and politics; political communication; political satire; elections; US politics
@ddriver@mas.to,Darrell Driver,https://mas.to/@ddriver,Security Studies; European Security; Civil Military Relations; NATO; Alliances
@ProfMichelson@mastodon.social,Melissa R. Michelson,https://mastodon.social/@ProfMichelson,Latino Politics; LGBTQ Politics; Political Behavior (participation); Political Psychology
@mjinpedersen@fediscience.org,Mogens Jin Pedersen,https://fediscience.org/@mjinpedersen,public administration; bureaucracy; behavior
@paulgowder@recurse.social,Paul Gowder,https://recurse.social/@paulgowder,Political theory; public law; rule of law
@leahchristiani@mastodon.social,Leah Christiani,https://mastodon.social/@leahchristiani,Behavior; American politics; race and ethnicity
@AlexBlanchet@mastodon.world,Alexandre Blanchet,https://mastodon.world/@AlexBlanchet,Political psychology; political behaviour; elections; Quebec politics; Canadian Politics
@ingorohlfing@mastodon.social,Ingo Rohlfing,https://mastodon.social/@ingorohlfing,Political methodology; causal inference; mixed methods; process tracing; QCA
@bowendc@mastodon.social,Dan Bowen,https://mastodon.social/@bowendc,American state politics; legislative institutions; representation; political geography
@JamieFurlong@mas.to,Jamie Furlong,https://mas.to/@JamieFurlong,politics and urbanism; voting; polling; environmental policy
@mrzander@mastodon.xyz,Alexander (Zander) Furnas,https://mastodon.xyz/@mrzander,American political institutions; Science; Information; Elites
@bdmabrams@mstdn.social,Benjamin Abrams,https://mstdn.social/@bdmabrams,revolutions; resistance; social movements; democracy; mobilization; comparative politics
@samuelgreef@sciences.social,Samuel Greef,https://sciences.social/@samuelgreef,german politics; digital politics; interest groups; policy analysis; governance
@derekholliday@fediscience.org,Derek Holliday,https://fediscience.org/@derekholliday,state and local politics; representation; methodology
@BowTiePolitics@sciences.social,Dr. Michael Bitzer,https://sciences.social/@BowTiePolitics,United States politics; North Carolina politics; Southern US politics
@fabioangiolillo@mastodon.social,Fabio Angiolillo,https://mastodon.social/@fabioangiolillo,Comparative politics; autocracies; political parties; quant methods
@simonweschle@sciences.social,Simon Weschle,https://sciences.social/@simonweschle,comparative politics; democratic representation and accountability; money in politics
@NateCarrington@mastodon.world,Nathan Carrington,https://mastodon.world/@NateCarrington,Judicial Politics; American Politics; Political Psychology; Freedom of Expression
@annehellmuthhaeuser@mastodon.world,Anne Hellmuthhäuser,https://mastodon.world/@annehellmuthhaeuser,technology; digital sovereignty; international relations; China; Russia; Iran; EU
@HansenMagnusson@sciences.social,Hannes Hansen-Magnusson,https://sciences.social/@HansenMagnusson,International Relations; Global Governance; Oceans; Polar Regions; Responsibility; Justice
@amozhor@sciences.social,Amoz JY Hor,https://sciences.social/@amozhor,Race and International Relations
@Tom_Pavone@eupolicy.social,Tommaso Pavone,https://eupolicy.social/@Tom_Pavone,European politics; comparative politics; law & society; judicial politics; qual methods
@strauszm@fediscience.org,Michael Strausz,https://fediscience.org/@strauszm,Japan; immigration; refugees; asylum; migration
@lpargyle@sciences.social,Lisa Argyle,https://sciences.social/@lpargyle,Political Conversation; Computational Social Science; Political Behavior
@NickAnguelov@fediscience.org,Nikolay Anguelov,https://fediscience.org/@NickAnguelov,Public Policy; Globalization; Sustainability; International Political Economy;
@AObendiek@sciences.social,Anke Obendiek,https://sciences.social/@AObendiek,data and internet governance; big tech; and international political sociology.
@ariel_zellman@sciences.social,Ariel Zellman,https://sciences.social/@ariel_zellman,territorial conflict; religion; nationalism; extremism
@libertychee@mastodon.sdf.org,Liberty Chee,https://mastodon.sdf.org/@libertychee,International Relations; Domestic Work; Migration Governance; Feminist Theory; STS
@dmpullan@toot.community,Danielle Pullan,https://toot.community/@dmpullan,abortion policy; reproductive justice; gendered political careers; policy implementation
@FlorianFoos@econtwitter.net,Florian Foos,https://econtwitter.net/@FlorianFoos,Political Behavior; Field Experiments; Causal Inference; GOTV; Persuasion
@anne_kreft@sciences.social,Anne-Kathrin Kreft,https://sciences.social/@anne_kreft,Armed conflict; political violence; sexual violence; gender; civil society
@hanshtung@econtwitter.net,Hans Tung,https://econtwitter.net/@hanshtung,political economy; comparative authoritarianism; China
@AndreaGhiselliChina@sciences.social,Andrea Ghiselli,https://sciences.social/@AndreaGhiselliChina,China; Middle East; Foreign policy analysis; IR theory; authoritarian foreign policy
@LeoAzzollini@sciences.social,Leo Azzollini,https://sciences.social/@LeoAzzollini,Political Behaviour; Voting; Political Sociology
@c_west@mastodon.social,Carola Westermeier,https://mastodon.social/@c_west,Intersections of International Political Economy and Security Studies
@osman_s_kiratli@fediscience.org,Osman Sabri Kiratli,https://fediscience.org/@osman_s_kiratli,Public opinion on foreign policy; International Relations; International Organizations
@xromerovidal@sciences.social,Xavier Romero Vidal,https://sciences.social/@xromerovidal,Public Opinion; Comparative Politics; Political Behaviour; Political Parties
@DanielCasey_CBR@aus.social,Daniel Casey,https://aus.social/@DanielCasey_CBR,Policy agendas; agenda setting; responsiveness; public opinion; punctuated equilibrium
@NvOndarza@eupolicy.social,Nicolai von Ondarza,https://eupolicy.social/@NvOndarza,European Union governance; EU institutions; European parties; EU-UK relations; Brexit
@rbernhard@mstdn.party,Rachel Bernhard,https://mstdn.party/@rbernhard,Political behavior; gender and politics; political psychology; discrimination
@DrSeanHanley@mastodon.social,Seán Hanley,https://mastodon.social/@DrSeanHanley/with_replies,Central & Eastern Europe; Czechia; parties; democracy; comparative autocratisation
@ThomasMeyer@mastodon.social,Thomas Meyer,https://mastodon.social/@ThomasMeyer,Institions; parties; elections; coalition governments
@RGrundmann@mastodon.world,Reiner Grundmann,https://mastodon.world/@RGrundmann,Experts and expertise; climate change; computational social science
@seramirezruiz@fediscience.org,Sebastian Ramirez-Ruiz,https://fediscience.org/@seramirezruiz,political behavior and communication; causal inference; use of evidence in decision-making
@hylkedijkstra@mastodon.social,Hylke Dijkstra,https://mastodon.social/@hylkedijkstra,international relations; international organizations; multilateralism; EU; security
@M_punkt_S@mastodon.social,Maximilian Schiffers,https://mastodon.social/@M_punkt_S,interest groups; lobbying; NGOs; Public Policy; Policy Change; Transformation
@ChRauh@eupolicy.social,Christian Rauh,https://eupolicy.social/@ChRauh,European Union; International Politics; Comparative Politics; Text Analysis; R;  DataViz
@phdskat@fediscience.org,Rasmus Corlin Christensen,https://fediscience.org/@phdskat,International political economy; taxation; green accounting
@alice_mattoni@mastodon.uno,Alice Mattoni,https://mastodon.uno/@alice_mattoni,social movements; corruption; political participation; digital media; qualitative methods
@anacweeks@fediscience.org,Ana Catalano Weeks,https://fediscience.org/@anacweeks,Gender and politics; political parties; representation; public policy
@peteraallen@sciences.social,Peter Allen,https://sciences.social/@peteraallen,Political representation; British Politics; Gender and Politics
@jennifer_bast@sciences.social,Jennifer Bast,https://sciences.social/@jennifer_bast,focus: political communication; visual communication; social media; populism; gender
@RainerMuehlhoff@chaos.social,Rainer Mühlhoff,https://chaos.social/@RainerMuehlhoff,Societal impact of AI; privacy & data protection; political philosophy of digital tech
@KarinaKosPed@sciences.social,Karina Kosiara-Pedersen,https://sciences.social/@KarinaKosPed,Party; Elections; Gender; Youth; Campaigning; Political Violence
@wminatti@sciences.social,Wolfgang Minatti,https://sciences.social/@wminatti,Conflict Studies; (Rebel) Governance; Legitimacy
@lukemartell@social.coop,Luke Martell,https://social.coop/@lukemartell,Alternative Societies; Socialism; Globalization.
@jdprieto@mas.to,Juan Diego Prieto,https://mas.to/@jdprieto,States; political economy; social protection; subnational politics; Latin America
@jdcollens@home.social,Jack Collens,https://home.social/@jdcollens,American politics; elections; institutions; drug policy
@michaelmccall@sciences.social,Michael McCall,https://sciences.social/@michaelmccall,International relations; international organizations; political economy; network science
@Alexander_Lee@econtwitter.net,Alexander Lee,https://econtwitter.net/@Alexander_Lee,Comparative Politics; Historical Political Economy; South Asia
@joe_oliver@mastodon.online,Joe Oliver,https://mastodon.online/@joe_oliver,History of UK Political parties; leadership elections; Winston Churchill post 1945
@ana_ines_langer@mastodon.social,Ana Ines Langer,https://mastodon.social/@ana_ines_langer,political communication
@aakbik@eupolicy.social,Adina Akbik,https://eupolicy.social/@aakbik,accountability; EU politics; European Parliament; Economic and Monetary Union
@alisher@sciences.social,Alisher Juzgenbayev,https://sciences.social/@alisher,Comparative Politics; Former Soviet Union; Democratization; Judicial Politics;
@NiheerDasandi@mastodon.social,Niheer Dasandi,https://mastodon.social/@NiheerDasandi,Politics of development; human rights; climate change and health; international relations
@Val_Mueller_ASU@econtwitter.net,Valerie Mueller,https://econtwitter.net/@Val_Mueller_ASU,political economy
@lukecooper100@mastodon.world,"Dr Luke Cooper, Senior Research Fellow, LSE IDEAS",https://mastodon.world/@lukecooper100,Director of PeaceRep's Ukraine team. Works on IR; Nationalism; Conflict; Authoritarianism.
@danielschuman@mastodon.social,Daniel Schuman,https://mastodon.social/@danielschuman,United States Congress; its rules; and its support entities; Separation of Powers
@Dr_AlonaDoli@mastodon.social,Alona Dolinsky,https://mastodon.social/@Dr_AlonaDoli,political parties; political representation; group appeals; text-as-data
@AmritaNarlikar@mastodon.social,Amrita Narlikar,https://mastodon.social/@AmritaNarlikar,IR; IPE; Geoeconomics; Negotiations; WTO; India
@reynellbadillo@sciences.social,Reynell Badillo,https://sciences.social/@reynellbadillo,Organized crime; civil war; criminal violence; foreign policy
@gscheiring@sciences.social,Gabor Scheiring,https://sciences.social/@gscheiring,comparative politics; political economy; democracy; health politics; Europe/Eastern Europe
@SoRelleM@mastodon.social,Mallory SoRelle,https://mastodon.social/@SoRelleM,American politics; public policy; policy feedback; inequality
@plutsc@sciences.social,Philipp Lutscher,https://sciences.social/@plutsc,Technology; autocracies; contentious politics and quantitative methods
@andrewm@fediscience.org,Andrew W. MacDonald,https://fediscience.org/@andrewm,China; authoritarian states; public opinion
@driotinto@sciences.social,Daniel Rio Tinto,https://sciences.social/@driotinto,IR; IR theory; security; political violence; civil war; rebel and criminal governance;
@raumwurschtler@sciences.social,Petar Bankov,https://sciences.social/@raumwurschtler,Parties; populism; voting behaviour; geography; Central and Eastern Europe
@courtney@journa.host,Courtney Radsch,https://journa.host/@courtney,social movements; geopolitics of media and technology; intl norms & comparative regulation
@carissatudor@mstdn.social,Carissa Tudor,https://mstdn.social/@carissatudor,Historical and comparative political economy; gender; political development; Europe
@jonasschmid@tooting.ch,Jonas Schmid,https://tooting.ch/@jonasschmid,Implementation; Federalism; Energy Policy and Politics
@JonLewallen@fediscience.org,Jonathan Lewallen,https://fediscience.org/@JonLewallen,Policy process; agenda setting; emerging technologies; institutions; longitudinal data
@abcronkhite@mastodon.social,Amanda Cronkhite,https://mastodon.social/@abcronkhite,Comparative political communication; Comparative political behavior; Media & Politics
@g_picot@sciences.social,Georg Picot,https://sciences.social/@g_picot,comparative political economy; comparative welfare state research; labour market policy
@kgraneng@eupolicy.social,Kristine Graneng,https://eupolicy.social/@kgraneng,European Union; political communication; migration
@jayulfelder@mastodon.online,Jay Ulfelder,https://mastodon.online/@jayulfelder,contentious politics; democratization
@dscagle@mstdn.party,Drew Cagle,https://mstdn.party/@Dscagle,Political Psychology
@MathiasKrams@mastodon.social,Mathias Krams,Https://mastodon.social/@mathiaskrams,SocioEcological transformation; transport Policy; critical state theory; political ecology
@wufel@sciences.social,Wojciech Ufel,https://sciences.social/@wufel,political theory; deliberative & participatory democracy; radical democracy; hermeneutics
@ISAMidwest@mstdn.social,International Studies Association Midwest,https://mstdn.social/@ISAMidwest,International Relations; Conflict; IPE; Comparative Politics; ISA region; Conference
@johank76@mastodon.nu,Johan Karlsson Schaffer,https://mastodon.nu/@johank76,Political theory; human rights; legal mobilisation; judicial politics; Scandinavia
@mikecowburn@mastodon.online,Mike Cowburn,https://mastodon.online/@mikecowburn,Intra-party; party politics; candidate selection; elite communication
@JohannesBlumenberg@fediscience.org,Johannes Blumenberg,https://fediscience.org/@JohannesBlumenberg,electoral behavior; political parties; stereotyping; party identification; Germany
@maripuerta@sciences.social,Maria Puerta Riera,https://sciences.social/@maripuerta,Authoritarianism; Democratization; Latin America; Latinos in the USA
@maripuerta@mstdn.social,Maria Puerta Riera,https://mstdn.social/@maripuerta,Authoritarianism; Democratization; Latin America; Latinos in the USA
@evanmckenzie@mastodon.social,Evan McKenzie,https://mastodon.social/@evanmckenzie,urban politics; law/courts; private government; condominium and homeowners associations
@ShirRaviv@mastodon.social,Shir Raviv,https://mastodon.social/@ShirRaviv,Public opinion; experimental methods; AI governance; algorithmic decision making
@TobiasLemke@mastodon.sdf.org,Tobias Lemke,https://mastodon.sdf.org/@TobiasLemke,International relations; nationalism; security; digital politics
@landwehr_c@fediscience.org,Claudia Landwehr,https://fediscience.org/@landwehr_c,political theory; deliberative democracy; political culture
@jtrudeau@sciences.social,Jessie Trudeau,https://sciences.social/@JTrudeau,Political economy of development; organized crime; violence; policing; Latin America
@emeka@mtdn.party,Emeka Njoku,https://mstdn.party/@emeka,International security; Conflict; Development; Civil society; Terrorism; Peacebuilding
@jsajuria@mastodon.online,Javier Sajuria,HTTPS://mastodon.online/@jsajuria,Comparative Political Behaviour
@fleischer_julia@sciences.social,Julia Fleischer,https://sciences.social/@fleischer_julia,Politics and governance; Bureaucracy; State capacity
@christinapwalker@mindly.social,Christina Walker,https://mindly.social/@christinapwalker,Institutions; misinformation; comparative; polarization; big data
@BetinaWilkinson@mastodon.social.com,Betina Wilkinson,https://mastodon.social/@BetinaWilkinson,Racial and ethnic politics; public opinion; public policy; political behavior
@GeorgeShields@mastodon.social,George Shields,https://mastodon.social/@GeorgeShields,Local government; public administration; public policy; comparative constitutionalism; IR
@JoseMarichal@mastodon.social,Jose Marichal,https://mastodon.social/@JoseMarichal,technology and politics; public policy; multicultural theory
@bjoern_bremer@fediscience.org,Björn Bremer,https://fediscience.org/@bjoern_bremer,Political economy; comparative politics; political parties; public opinion
@jr@fediscience.org,Jonathan Rinne,https://fediscience.org/@jr,democratic systems theory; representation; political inequality; democratic innovations
@r_dassonneville@mastodon.online,Ruth Dassonneville,https://mastodon.online/@r_dassonneville,Elections; Voting behaviour; Political Parties
@dadakim@mastodon.social,Kim Yi Dionne,https://mastodon.social/@dadakim,Comparative Politics; African Politics; health
@nrrtv@mastodon.social,Sebastian Jarzebski,https://mastodon.social/@nrrtv,political communication; political narratives; political sociology; cultural sociology
@verenakunz@sciences.social,Verena Kunz,https://sciences.social/@verenakunz,legislative politics; European Parliament; text analysis; computational social science
@chartock@sciences.social,Sarah Chartock,https://sciences.social/@chartock,Latin Americanist; Social Movements; Ethnic Politics; Social Policy
@ProfJHGross@mastodon.social,Justin H. Gross,https://mastodon.social/@ProfJHGross,Ideologies (popular political thought); communication; psychology; Latino politics; stats
@MeganGoldberg@mastodon.social,Megan Goldberg,https://mastodon.social/@MeganGoldberg,American politics; state and local politics; federalism; political communication
@leesplez@fediscience.org,Jeff Lees,https://fediscience.org/@leesplez,political psychology; polarization; ideology; misperceptions
@mqpellicer@hessen.social,Miquel Pellicer,https://hessen.social/@mqpellicer,Political behavior; inequality; comparative politics; political economy; causal inference
@evawegner@hessen.social,Eva Wegner,https://hessen.social/@evawegner,comparative politics; developing countries; political behavior
@Prof_BeckyBT@mastodon.social,Rebecca Bromley-Trujillo,https://mastodon.social/@Prof_BeckyBT,Climate change policy; political behavior; state politics and policy; US environmental
@ChloeThurston@mastodon.social,Chloe Thurston,https://mastodon.social/@ChloeThurston,American political development; public policy; political economy
@janzilinsky@econtwitter.net,Jan Zilinsky,https://econtwitter.net/@janzilinsky,public opinion; voting behavior; text as data; media and campaigns
@Nataraja@mastodon.social,Tamara Espiñeira,https://mastodon.social/@Nataraja,International relations; dependency; failed democracies; Latin America; EU
@Paasha@mstdn.social,Paasha Mahdavi,https://mstdn.social/@Paasha,Environmental politics; climate; energy; comparative politics; political economy
@elizabethmelder@sfba.social,Elizabeth Mitchell Elder,https://sfba.social/@elizabethmelder,American politics; political psychology; political economy
@auragonzalez@sciences.social,Aura Gonzalez,https://sciences.social/@auragonzalez,migration; identity; climate change; development; India; South Asia
@dyzenhaus@sciences.social,Alex Dyzenhaus,https://sciences.social/@dyzenhaus,Comparative Politics; Land Reform; South Africa
@bhumi@sciences.social,Bhumi Purohit,https://sciences.social/@bhumi,Identity Politics; Bureaucracy; Gender; South Asia
@Nikolina_klatt@fediscience.org,Nikolina Klatt,https://fediscience.org/@Nikolina_klatt,public policy; democracy; gender; women's rights; reproductive rights; demography
@MariusSwane@mastodon.social,Marius Swane Wishman,https://mastodon.social/@MariusSwane,Comparative politics; conflict; civil conflict; communal violence; historical legacies
@cerifowler@mastodon.social,Ceri Fowler,https://mastodon.social/@cerifowler,Comparative Poltics; Gender; Elections; Public Opinion
@ellahstella@mstdn.social,Ellen Ehmke,https://mstdn.social/@ellahstella,Inequality; Socio-Ecological Transformation; Social Protection; Eco-Social Policies
@TabithaLamberth@mindly.social,Tabitha Lamberth,https://mindly.social/@TabithaLamberth,Political Psychology; Political Behavior
@pressman@mastodon.nz,Jeremy Pressman,https://mastodon.nz/@pressman,int'l relations; Israel-Palestine; protests in United States; Crowd Counting Consortium
@giovannicapoccia@mastodon.iridesen.eu,Giovanni Capoccia,https://mastodon.iriseden.eu/@giovannicapoccia,Democracy and political extremism; institutions; democratic backsliding
@rainbowmurray@mastodon.org.uk,Rainbow Murray,https://mastodon.org.uk/@rainbowmurray,Representation; gender; France; UK; elections; parliaments
@deglassco@mastodon.social,D. Elisabeth Glassco,https://mastodon.social/@Deglassco,Political Behavior and Culture; Presidential Politics; Black Political Leadership
@JamesMMcQuiston@mas.to,James McQuiston,https://mas.to/@JamesMMcQuiston,lgbt politics; public administration pedagogy; presidential communication; us politics
@srmeinke@mastodon.social,Scott Meinke,https://mastodon.social/@srmeinke,American politics; Congress; elections
@prelabutexas@sciences.social,Politics of Race and Ethnicity Lab - UT Austin,https://sciences.social/@prelabutexas,Race and ethnic politics; American/Comparative politics; Texas
@rfrbrghs@mastodon.online,Rahel Freiburghaus,https://mastodon.online/@rfrbrghs,Political Institutions; Comparative Politics; Federalism; Intergovernmental Lobbying
@laurauribe@sciences.social,Laura Uribe,https://sciences.social/@laurauribe,Hispanic identity politics; political behavior
@truback@mastodon.sdf.org,Tim Ruback,https://mastodon.sdf.org/@truback,critical IR; historical IR; pedagogy; Thucydides
@mjacob@mastodon.online,Marc S. Jacob,https://mastodon.online/@mjacob,Comparative Politics; Autocratization; Political Economy
@snsoroka@fediscience.org,Stuart Soroka,https://fediscience.org/@snsoroka,political communication; political behavior; political psychology
@eribertsou@mstdn.social,Eri Bertsou,https://mstdn.social/@eribertsou,Political behaviour; comparative politics; Europe; political trust; experts; technocracy
@OliverEscobar@mastodon.scot,Oliver Escobar,https://mastodon.scot/@OliverEscobar,Participation; democratic innovation; participatory & deliberative democracy; commons
@Christina_Boyes@mindly.social,Christina Boyes,https://mindly.social/@Christina_Boyes,IR; conflict; natural resources; environmental policy; rebel group strategy; inequality
@LachlanMcNamee@econtwitter.net,Lachlan McNamee,https://econtwitter.net/@LachlanMcNamee,Migration; conflict; settler colonialism; Asia-Pacific
@rebeldiletante@masto.pt,Rebeldiletante,https://masto.pt/@Rebeldiletante,Elections; electoral behavior; political economy;
@SteffenEckhard@c.im,Steffen Eckhard,https://c.im/@SteffenEckhard,Computational Text Analysis; International Organizations; Public Administration;
@billard@sciences.social,TJ Billard,https://sciences.social/@billard,Political communication; social movements; digital politics
@ulrikekrause@sciences.social,Ulrike Krause,https://sciences.social/@ulrikekrause,refugees; migration; gender; conflict; violence; IR; post-colonial; humanitarism
@Anne_MarieBrady@mastodon.nz,Professor Anne-Marie Brady,https://mastodon.nz/@Anne_MarieBrady,China; polar politics; Pacific politics; NZ foreign policy
@susannagarside@sciences.social,Susanna Garside,https://sciences.social/@susannagarside,Comparative Politics; Climate Politics; Environmental Politics; African Politics
@aditimalik@fediscience.org,Aditi Malik,https://fediscience.org/@aditimalik,Political violence; African politics; South Asian politics
@oonahathaway@mstdn.social,Oona Hathaway,https://mstdn.social/@oonahathaway,international relations; international law; foreign relations law; human rights
@silviacarenzi@sciences.social,Silvia Carenzi,https://sciences.social/@silviacarenzi,Militant Islamism; Syria; political violence; social movements; rebel governance; conflict
@Field@mastodon.ie,Luke Field,https://mastodon.ie/@Field,comparative politics; political psychology; elections; deliberation; emotion; abortion
@paolo@sciences.social,Paolo Velásquez,https://sciences.social/@paolo,education; political sociology; immigration; integration
@nils_weidmann@mastodon.online,Nils Weidmann,https://mastodon.online/@nils_weidmann,conflict; autocracy; ICT; methodology
@filippo_tronconi@mastodon.uno,Filippo Tronconi,https://mastodon.uno/@filippo_tronconi,Political parties; Italian politics; Comparative politics; Populism
@AlexSpal@mstdn.social,Aleksandra Spalińska,https://mstdn.social/@AlexSpal,IR theory; world order; non-state actors; polity formation; new medievalism
@josch@chaos.social,Joachim Scharloth,https://chaos.social/@josch,politial communication; language of populism; German far right; politics of hate speech
@joribreslawski@fediscience.org,Jori Breslawski,https://fediscience.org/@joribreslawski,Aid; Conflict; Migration
@maiahjaskoski@sciences.social,Maiah Jaskoski,https://sciences.social/@maiahjaskoski,environmental politics; Indigenous politics; security; Latin America; Comparative Politics
@LauraEEvans@mastodon.social,Laura Evans,https://mastodon.social/@LauraEEvans,American politics; federalism; Native politics; race and politics
@alexjabbour@mstdn.social,Alexandra Jabbour,https://mstdn.social/@alexjabbour,Political economy; comparative politics; political behavior; causal inference; housing
@LMorgenbesser@sciences.social,Lee Morgenbesser,https://sciences.social/@LMorgenbesser,Authoritarianism; democratization; dictators; elections; Southeast Asian politics
@robfahey@fediscience.org,Robert Fahey,https://fediscience.org/@robfahey,Populism & Polarisation; Conspiracy Beliefs; Social Media; Text & Network Analysis; Japan
@TinePaulsen@econtwitter.net,Tine Paulsen,https://econtwitter.net/@TinePaulsen,Electoral Systems; Historical Political Economy; Parties
@fulyafelicity@mastodon.social,Fulya Felicity Turkmen,https://mastodon.social/@fulyafelicity,Comparative politics; international relations; migration and citizenship
@AJosephOconnell@masthead.social,Anne Joseph O'Connell,https://masthead.social/@AJosephOconnell,American politics; bureaucracy; appointments; Administrative Law
@JADPhD@mstdn.social,Jay DeSart,https://mstdn.social/@JADPhD,political behavior; public opinion; elections; forecasting
@griselsr@mastodon.social,Grisel Salazar,https://mastodon.social/@griselsr,Media institutions; press and politics; anti-press violence
@tatianacoutto@sciences.social,TCoutto,https://sciences.social/@tatianacoutto,European Union; Political Communication; textual data analysis; media framing
@andrewalter@sciences.social,André Walter,https://sciences.social/@andrewalter,Comparative Politics
@marcidale@mastodon.social,Marci Harris,https://mastodon.social/@marcidale,congress; public policy; civic technology
@snitsova@mstdn.social,Silviya Nitsova,https://mstdn.social/@snitsova,Political economy; money in politics; oligarchs; Ukraine; Russia; Eurasia; networks
@meinungsfuehrer@mastodon.social,Simon Kruschinski,https://mastodon.social/@meinungsfuehrer,Campaigning; political communciation; political marketing; vote behavior
@deliazollinger@sciences.social,Delia Zollinger,https://sciences.social/@deliazollinger,political behavior; comparative politics; political sociology; political economy
@jenvictor@mastodon.social,Jennifer Victor,https://mastodon.social/@jenvictor,US politics; Congress; networks; political parties; campaign finance
@matanock@sciences.social,Aila Matanock,https://sciences.social/@matanock,international intervention; shared sovereignty; civil conflict; post-conflict elections
@PoliticalPhilo@zirk.us,Thomas Gregersen,https://zirk.us/@PoliticalPhilo,Political theory; deliberative democracy; public opinion; public administration
@matias93@scholar.social,Matías Eyzaguirre Miranda,https://scholar.social/@matias93,party systems; welfare state; political representation
@I_M_DRS@mastodon.social,David R. Smedley,https://mastodon.social/@I_M_DRS,Public administration
@scottwolford@mastodon.social,Scott Wolford,https://mastodon.social/@scottwolford,International relations; war; diplomacy; game theory
@jkatz@bayes.club,Jonathan N. Katz,https://bayes.club/@jkatz,methodology; formal theory; elections; institutions
@felixwiebrecht@c.im,Felix Wiebrecht,https://c.im/@felixwiebrecht,Authoritarianism; Legislative institutions; China
@Spe07@mstdn.social,Speranta Dumitru,https://mstdn.social/@Spe07,Migration; Passeport; Political Theory; Nudge
@halvardl@mastodon.social,Halvard Leira,https://mastodon.social/@halvardl,IR; diplomacy; foreign policy; Historical IR; concepts; privateers; empires
@jan_s@mastodon.social,Jan Schaller,https://mastodon.social/@jan_s,migration; border studies; (multi-level) governance; organizational sociology; elites
@benjaminschlegel@sciences.social,Benjamin E. Schlegel,https://sciences.social/@benjaminschlegel,political behaviour; methods; R GNU; statistics; Swiss politics; data driven journalism
@owenwintersgill@mastodon.social,David Owen,https://mastodon.social/@owenwintersgill,migration; citizenship. refugees; political theory
@omerorsun@c.im,Omer Orsun,https://c.im/@omerorsun,International Security
@tboeggild@mastodon.online,Troels Bøggild,http://mastodon.online/@tboeggild,Political behavior; political psychology; public opinion
@RMuriaas@mastodon.social,Ragnhild Muriaas,https:/ /mastodon.social/@RMuriaas,Prof in Political Science. University of Bergen. Gender and Political Representation.
@kimlanelaw@mastodon.online,Kim Lane Scheppele,http://mastodon.online/@kimlanelaw,comparative constitutional law; backsliding democracies; rule of law; Hungary; EU
@astoyan@fosstodon.org,Alissandra Stoyan,https://fosstodon.org/@astoyan,Latin American Politics; Comparative Political Institutions; Constitutions; Democracy
@matthewstenberg@sfba.social,Matthew Stenberg,https://sfba.social/@matthewstenberg,Democratic backsliding; local politics; EU; Central Europe; Comparative institutions
@nateclark@mastodon.social,Nate Clark,https://mastodon.social/@nateclark,Political communication; contemporary political theory; media studies; LGBTQ
@pmyteh@sciences.social,Tom Nicholls,https://sciences.social/@pmyteh,Computational text analysis; political communication; methods; news; data science
@mkrain@c.im,Matthew Krain,https://c.im/@mkrain,Human rights; political violence; advocacy messaging; active learning & pedagogy
@JLattmann@mas.to,Johannes Lattmann,https://mas.to/@JLattmann,Political Behavior; Political Economy; Quantitive Methods; Computational Social Sciences
@stefwalter__@fediscience.org,Stefanie Walter,https://fediscience.org/@stefwalter__,international relations; international political economy; IOs; EU; intl. negotiations
@leelum@mastodon.social,Dr Liam McLoughlin,https://mastodon.social/@leelum,Social Media; Political Communication; Content Moderation; Internet Politics; Tech Policy
@susherwood@mastodon.social,Simon Usherwood,https://mastodon.social/@susherwood,European Union; Brexit; Negotiation; Learning & Teaching
@jacksantucci@mastodon.online,Jack Santucci,https://mastodon.online/@jacksantucci,Electoral systems; political parties; American  political development
@phillegitimate@zirk.us,Philip Luke Johnson,https://zirk.us/@phillegitimate,crime; violence; conflict; security; communication; Latin America; qualitative methods
@tonyingesson@mastodon.nu,Tony Ingesson,https://mastodon.nu/@tonyingesson,intelligence; espionage; military decision-making
@GrantForks@toot.community,Brian Urlacher,https://toot.community/@GrantForks,International relations; conflict resolution; intelligence analysis
@nicklotito@sciences.social,Nick Lotito,https://sciences.social/@nicklotito,international relations; Middle East politics; civil-military relations; violent extremism
@aehyvonen@climatejustice.social,Ari-Elmeri Hyvönen,https://climatejustice.social/@aehyvonen,Political Theory; democracy; ecological politics; resilience
@egtewinkel@nerdculture.de,Evert te Winkel,https://nerdculture.de/@egtewinkel,Militant groups; pragmatism; political religion/ religious politics; shifting alliances
@__queli@mas.to,Kelly Bauer,https://mas.to/@__queli,Latin America; Chilean politics; migration; identity politics; development; human rights
@laurajacobs@mastodon.online,Laura Jacobs,https://mastodon.online/@laurajacobs,Political communication; elections; public opinion; populism
@BenjaminHelms@econtwitter.net,Benjamin Helms,https://econtwitter.net/@BenjaminHelms,International political economy
@ChrisPolPsych@mastodon.social,Christopher Federico,https://mastodon.social/@ChrisPolPsych,political psychology; political behavior; belief systems
@benfifield@econtwitter.net,Ben Fifield,https://econtwitter.net/@benfifield,American politics; voting; redistricting; methods
@kstrump@sciences.social,Kris-Stella Trump,https://sciences.social/@kstrump,Political behavior; Political psychology; Economic inequality
@kexic98@nerdculture.de,Kexin,https://nerdculture.de/@kexic98,Democracy; energy and environmental policy; inequality; market
@RMTownsend@mastodon.social,Rebecca M. Townsend,https://mastodon.social/@RMTownsend,Political comm; rhetoric; culture; deliberation; town meeting; public engagement; Poland
@tschmidtke@sciences.social,Tobias Schmidtke,https://mas.to/@tschmidtke,International Relations
@kathlsullivan@mastodon.social,Kathleen Sullivan,https://mastodon.social/@Kathlsullivan,American political development; constitutional law
@fhollenbach@fediscience.org,Florian M Hollenbach,https://fediscience.org/@fhollenbach,money in politics; corruption; taxation; comparative political economy; statistical method
@roizur@mastodon.online,Roi Zur,https://mastodon.online/@roizur,Institutions; Political Parties; Behavior
@DToshkov@mastodon.sdf.org,Dimiter Toshkov,https://mastodon.sdf.org/@DToshkov,European integration; migration; public opinion; public policy; research methods
@anewq@mastodon.social,Alice el-Wakil,https://mastodon.social/@anewq,political theory; democracy; referendums; democratic innovations; representation
@MikeHabegger@politicalscience.social,Michael W. Habegger,https://politicalscience.social/@MikeHabegger,International Relations; Social media; computational social science
@cadida@fediscience.org,Claire Adida,https://fediscience.org/@cadida,Migration and ethnic politics; Comparative Politics; Discrimination
@xinhan@mas.to,Xin Han,https: //mas.to/@xinhan,Political Economy of Development; Digital Politics; Collaborative Governance; Public Admin
@fionabradley@fediscience.org,Fiona Bradley,https://fediscience.org/@fionabradley,IR; advocacy networks; technology; information; platform governance
@chadlevinson@mastodon.online,Chad Levinson,https://mastadon.online/@chadlevinson,US presidency; national security politics; interest groups; think tanks; propaganda
@michelefenzl@mastodon.social,Michele Fenzl,https://mastodon.social/@michelefenzl#,Political economy; inequality; political behaviour; EU politics; survey experiments
@andrewreeves@mastodon.social,Andrew Reeves,https://mastodon.social/@andrewreeves,Election; presidency; representation
@raphaelm@journa.host,Raphaël Martin-Melizi,https://journa.host/@raphaelm,Sociology; gender; digital; sexuality
@PopovaProf@russiaukraine.world,Maria Popova,https://russiaukraine.world/@PopovaProf,Comparative Politics; Democracy; Rule of Law; Corruption; Ukraine; Russia; Bulgaria; EU
@LPrather@econtwitter.net,Lauren Prather,https://econtwitter.net/@LPrather,international relations; public opinion; elections; migration; foreign aid
@svmiller@mastodon.social,Steven V. Miller,https://mastodon.social/@svmiller,International relations; conflict; public opinion; support for democracy/authoritarianism
@fhq@mas.to,Josh Putnam,https://mas.to/@fhq,American politics; campaigns and elections; presidential nominations; delegate selection
@astephenson@econtwitter.net,Alex Stephenson,https://econtwitter.net/@astephenson,formal theory; policing; race and ethnic politics
@DrAndrewFlores@mastodon.social,Andrew R. Flores,https://mastodon.social/@DrAndrewFlores,American political behavior; lgbtq politics
@chadrector@mastodon.online,Chad Rector,https://mastodon.online/@chadrector,International organization; East Asia
@michael_p_olson@mastodon.social,Michael Olson,https://mastodon.social/@michael_p_olson,Legislative institutions; voting rights; American state politics
@matthindman@mastodon.social,Matt Hindman,HTTPS://mastodon.social/@matthindman,Political communication; Internet politics; online political behavior;
@dov_levin@mastodon.online,Dov H. Levin,https://mastodon.online/@dov_levin,International Relations; Foreign election interference; covert ops; public diplomacy
@ashleygjovik@mstdn.social,Ashley M. Gjøvik,https://mstdn.social/@ashleygjovik,Human Rights; Transitional Justice; Sovereignty Disputes; Legal Accountability for MNCs
@Liamerivaki@mastodon.social,Lia Merivaki,https://mastodon.social/@Liamerivaki,Election science; political behavior; voter education
@BrittanyRLeach@mastodon.world,Brittany Leach,https://mastodon.world/@BrittanyRLeach,Political theory; feminist theory; reproductive freedom & justice; intersectionality; law
@james_p_allan@mstdn.social,James P. Allan,https://mstdn.social/@james_p_allan,Comparative politics; political economy
@ANosthoff@mastodon.social,Anna-Verena Nosthoff,https://mastodon.social/@ANosthoff,politics of technology; political targeting; political theory of digitization
@SibelOktay@mastodon.social,Sibel Oktay,https://mastodon.social/@sibeloktay,International Relations; Foreign Policy
@Clare_Rice_@mastodon.online,Clare Rice,Https://mastodon.online/@Clare_Rice_,Power-sharing; institutions; devolution; Northern Ireland; ethnic politics; constitutions
@pavlosvas1@sciences.social,Pavlos Vasilopoulos,https://sciences.social/@pavlosvas1,behavior; political psychology; elections; comparative politics
@wahlforscher@social.anoxinon.de,Andreas M. Wüst,https://social.anoxinon.de/@wahlforscher,elections; representation; immigration; integration; surveys
@rida@sciences.social,Rida Abu Rass,https://sciences.social/@rida,Social movements; comparative politics; nationalism; ethnicity and race.
@smotus@mastodon.social,Seth Masket,https://mastodon.social/@smotus,American political parties; party nominations; polarization; state politics
@jaakko@econtwitter.net,Jaakko Meriläinen,https://econtwitter.net/@jaakko,Political economy
@LizaMugge@akademienl.social,Liza Mügge,https://akademienl.social/@LizaMugge,Political Representation; intersectionality; gender; equality; transnationalism
@michaelflynn@fosstodon.org,Michael Flynn,https://fosstodon.org/@michaelflynn,International Relations; foreign policy; military deployments; statistics
@JasFitzpatrick@mas.to,Jasmin Fitzpatrick,https://mas.to/@JasFitzpatrick,Political Organization; Communication; Participation; internet & politics; digitalization
@NinaReiners@sciences.social,Nina Reiners,https://sciences.social/@NinaReiners,IR; IL; Human Rights; UN
@guygrossman@mastodon.social,Guy Grossman,https://mastodon.social/@guygrossman,
@janlo@mastodon.social,Jan Lorenz,https://mastodon.social/@janlo,Opinion Dynamics; Polarization; Agent-based modeling
@jamesigoewalsh@mastodon.social,James Igoe Walsh,https://mastodon.social/@jamesigoewalsh,Conflict; displacement; social preferences
@gessler@fediscience.org,Theresa Gessler,https://fediscience.org/@gessler,democracy; immigration; parties; political behavior; text as data
@rdanielkelemen@eupolicy.social,R. Daniel Kelemen,https://eupolicy.social/@rdanielkelemen,European Politics; Comparative Politics; Law and Politics; European Union Politics
@sdpick@mas.to,Steve Pickering,https://mas.to/@sdpick,international relations; conflict; geospatial trust; covid; fish and chips; brexit
@darinself@sciences.social,Darin Self,https://sciences.social/@darinself,Comparative Democracy and Authoritarianism; party systems; civ-mil relations
@svencho@mastodon.social,Sven Chojnacki,http://mastodon.social/@svencho,peace research; conflict studies; migration; securitization; dual use
@RyanGrauer@mastodon.social,Ryan Grauer,https://mastodon.social/@RyanGrauerr,International security; military power; battlefield coalitions; civil-military relations
@conflictgeo@mastodon.social,Adam Moore,https://mastodon.social/@conflictgeo,Political Violence; U.S. Military; Peacebuilding; Geopolitics
@Prof_Mirya@mastodon.social,Mirya Holman,https://mastodon.social/@Prof_Mirya,Gender and politics; local politics
@kumar@sciences.social,Kumar Ramanathan,https://sciences.social/@kumar,American politics; race and ethnicity; law; public policy; American political development
@gngeorgarakis@mastodon.social,George Georgarakis,https://mastodon.social/@gngeorgarakis,Political behavior; political psychology; public opinion; communication; experiments
@tomsclark@mastodon.social,Tom Clark,https://mastodon.social/@tomsclark,judicial politics; policing
@KyleReedPhD@mastodon.social,Kyle Reed,https://mastodon.social/@KyleReedPhD,International relations; international law; human rights
@matzefrey@digitalcourage.social,Matthias Frey,https://digitalcourage.social/@matzefrey,Party Politics; Comparative Politics; Text Analysis; Parliamentary speeches
@elifcance@mastodon.online,Elifcan Celebi,https://mastodon.online/@elifcance,Political Economy; Gender; Democracy; Civil Society; Comparative Policy
@sierradavisthomander@sciences.social,Sierra Davis Thomander,https://sciences.social/@sierradavisthomander,Gender and politics; political behavior; survey methods
@markchand@mastodon.social,Mark C. Hand,https://mastodon.social/@Markchand,Workplace democracy; political campaigns; organizational theory;
@drjennings@mastodon.social,Will Jennings,https://mastodon.social/@drjennings,Political behaviour; public opinion; public policy; comparative and British politics
@sumitapahwa@mstdn.social,Sumita Pahw,https://mstdn.social/@sumitapahwa,Interpretive methods; Islamic activism; South Asia; Middle East; Social Movements
@maxchervaux@indieweb.social,Maxime Chervaux,https://indieweb.social/@maxchervaux,American Politics; Electoral Geography; Geopolitics; American Political Development
@dannagal@mastodon.social,Dannagal Young,https://mastodon.social/@dannagal,Political communication; misinformation; political psychology; media psychology
@GalenStocking@mastodon.social,Galen Stocking,https://mastodon.social/@GalenStocking,Political Communication; US Politics; Political Representation
@martinottmann@fediscience.org,Martin Ottmann,https://fediscience.org/@martinottmann,civil war; peace processes; post-conflict development
@twasmegan@mastodon.social,Megan Gallagher,https://mastodon.social/@twasmegan,political theory; history of political thought; feminist theory
@mirandayaver@mastodon.social,Miranda Yaver,https://mastodon.social/@mirandayaver,American law; health policy; policy implementation
@stevebholt@sciences.social,Stephen B. Holt,https://sciences.social/@stevebholt,Bureaucracy; behavior; public administration
@timmodel@sciences.social,Tim Model,https://sciences.social/@timmodel,Comparative Politics; Political Economy; Authoritarianism; Corruption; Russian Politics
@michaelgreig@sciences.social,Michael Greig,https://sciences.social/@michaelgreig,International relations; conflict; conflict management; civil wars; interstate wars
@o_garcia_ponce@mastodon.social,Omar García-Ponce,https://mastodon.social/@o_garcia_ponce,Political Economy of Development; Political Violence; Organized Crime; Political Behavior
@kamran_hakiman@mastodon.online,Kamran Hakiman,https://mastodon.online/@kamran_hakiman,normative conceptions of government; democratic transitions; collective action
@breunig@mstdn.social,Christian Breunig,https://mstdn.social/@breunig,
@faiwasimon@mastodon.social,Fai/Wasimon Tosuratana,https://mastodon.social/@faiwasimon,policy process; bureaucracy; and public engagement in hybrid regimes
@tiagomramalho@mastodon.social,Tiago Moreira Ramalho,https://mastodon.social/@tiagomramalho,EU Studies; Political Economy & Just Transition
@FrankGootjes@akademienl.social,Frank Gootjes,https://akademienl.social/@FrankGootjes,Political psychologist investigating attitudes and emotions about society and its future
@LAbdelaaty@mas.to,Lamis Abdelaaty,https://mas.to/@LAbdelaaty,IR; Refugees; Human rights
@StevenMichels@mstdn.social,Steven Michels,https://mstdn.social/@StevenMichels,Political theory; democracy; economy; higher ed
@poliscisara@mastodon.social,Sara Chatfield,https://mastodon.social/@poliscisara,Gender and politics; American political development; state politics; behavior; courts
@cobrienudry@fediscience.org,Cleo O'Brien-Udry,https://fediscience.org/@cobrienudry,IPE; foreign aid; international status
@vicentevalentim@mastodon.online,Vicente Valentim,https://mastodon.online/@vicentevalentim,Comparative politics; political behaviour; social norms
@ProfHansNoel@mastodon.social,Hans Noel,https://mastodon.social/@ProfHansNoel,political parties; ideology; elections; democracy; U.S. pres. nominations; methods
@joechrisp@mastodon.world,Joe Chrisp,https://mastodon.world/@joechrisp,Political economy; Welfare states; Age divide; UBI
@uweremer@fediscience.org,Uwe Remer,https://fediscience.org/@uweremer,computational social science; attitudes; voting behaviour; citizen participation;
@allisonwkoh@mastodon.social,Allison Koh,https://mastodon.social/@allisonwkoh,social media; disinformation; repression; computational social science
@sabriciftci@sciences.social,Sabri Ciftci,https://sciences.social/@sabriciftci,Middle East; Religion; Islam and Democracy; Turkish Politics; Turkish Foreign Policy
@NathanKalmoe@mastodon.social,Nathan Kalmoe,https://mastodon.social/@NathanKalmoe,American politics; public opinion; psychology; history; communication; parties; democracy
@timothysrich@mastodon.sdf.org,Timothy S. Rich,https://mastodon.sdf.org/@timothysrich,public opinion; electoral politics; comparative politics; East Asia; Taiwan; South Korea
@bridgetbarrett@sciences.social,Bridget Barrett,https://sciences.social/@bridgetbarrett,Electoral politics; political communication; political advertising
@Mourycatherine@mastodon.social,Catherine Moury,https://mastodon.social/@Mourycatherine,Governments and Public Policy; right now: prevention and long-term policy
@williamlallen@mastodon.social,Will Allen,https://mastodon.social/@williamlallen,Immigration; refugees; public opinion; political communication; experiments
@pedrofrpereira@mastodon.online,Pedro Rebelo Pereira,https://mastodon.online/@pedrofrpereira,science communication; scicom; journalism; politics
@ics_ulisboa@mas.to,ICS-ULisboa,https://mas.to/@ics_ulisboa,Social sciences; portuguese research center
@andrew@fediscience.org,Andrew Heiss,https://fediscience.org/@andrew,International relations; comparative politics; public policy; human rights; civil society
@JuanDGut@dair-community.social,Juan David Gutiérrez,https://dair-community.social/@JuanDGut,public policy; public administration; artificial intelligence; digital transformation
@DrKWassel@fediscience.org,Kate Wassel,https://fediscience.org/@DrKWassel,Public policy; Sustainability; Equity; Governance; Food Systems
@SLdeLange@akademienl.social,Sarah de Lange,https://akademienl.social/@SLdeLange,Comparative politics Political Parties Populism
@AnneliseR@mastodon.social,Annelise Russell,https.//mastodon.social/@AnneliseR,Legislative institutions; Political Communication; Digital
@rydgren@sciences.social,Jens Rydgren,https://sciences.social/@rydgren,Populism; radical right; party politics
@matt_blackwell@mastodon.social,Matt Blackwell,https://mastodon.social/@matt_blackwell,Political Methodology; American Politics
@fgilardi@mastodon.social,Fabrizio Gilardi,https://mastodon.social/@fgilardi,Digital technology & politics; public policy; policy analysis
@alasdairroberts@mastodon.social,Alasdair Roberts,https://mastodon.social/@alasdairroberts,
@pschuetze@mastodon.social,Paul Schütze,https://mastodon.social/@pschuetze,AI; Digital Society; Digital Capitalism; Digital Colonialism
@retobuergisser@mstdn.social,Reto Bürgisser,https://mstdn.social/@retobuergisser,Political economy; comparative politics; political behavior
@Hannahwerner@mastodon.social,Hannah Werner,https://mastodon.social/@Hannahwerner,Political Behavior; Climate Change; Democratic Innovation; Legitimacy; Fairness
@PolComm@mastodon.social,APSA&ICA Political Communication Divisions,https://mastodon.social/@PolComm,Political Communication; Publications; Jobs; CfPs; Conference infos
@qrdknpfr@mastodon.online,Curd Knüpfer,https://mastodon.social/@qrdknpfr,political communication; right-wing media; transnational publics
@emiliano@mastodon.zaclys.com,Emiliano Grossman,https://mastodon.zaclys.com/@emiliano,Agenda-setting; Comparative Politics; Media; mostly Western Europe.
@stu@mastodon.ie,Stuart Shulman,https://mastodon.ie/@stu,American politics; Twitter; bots and trolls; QAnon; election interference; Trumpism
@TomTheuns@akademienl.social,Tom Theuns,https://akademienl.social/@TomTheuns,Political Theory; European Union; Democratic Theory
@greenez@mastodon.scot,Zac Greene,https://mastodon.scot/@greenez,Comparative Politics; Political Parties; Text Analysis; Machine Learning
@kaiarzheimer@fediscience.org,Kai Arzheimer,https://fediscience.org/@kaiarzheimer,parties; elections; attitudes; behaviour | right-wing extremism/populism/radicalism
@thosjleeper@mastodon.social,Thomas Leeper,https://mastodon.social/@thosjleeper,methodology; machine learning; causal inference; political behavior
@M_B_Petersen@fediscience.org,Michael Bang Petersen,https://fediscience.org/@M_B_Petersen,Political psychology; COVID-19; social media; violence; democratic instability
@draliceevans@mastodon.social,Alice Evans,https://mastodon.social/@draliceevans,Patriarchy!
@JochenRehmert@norden.social,Jochen Rehmert,https://norden.social/@JochenRehmert,Postdoc; Comparative Politics; Candidate Selection; Legislative & Japanese Politics
@hearson@mas.to,Martin Hearson,https://mas.to/@hearson,International political economy; development; foreign direct investment; taxation
@meiners@mastodon.cloud,Paul Meiners,https://mastodon.cloud/@meiners,International Cooperation; Political Psychology; European Union
@floriangkern@mastodon.social,Florian G. Kern,https://mastodon.social/@floriangkern,Comparative politics; mixed methods; political economy of development; African politics
@eborbath@econtwitter.net,Endre Borbáth,https://econtwitter.net/@eborbath,Political parties; social movements; protests; Europe; political participation
@matthiess@mastodon.social,Theres Matthieß,https://mastodon.social/@matthiess,Political representation; parties; voting; electoral promises; inequality
@beancook@mastodon.online,Alistair D B Cook,https://mastodon.online/@beancook,Humanitarian affairs; disasters; conflicts; regional cooperation; ASEAN; Asia-Pacific
@damoncroberts@mastodon.social,Damon C Roberts,https://mastodon.social/@damoncroberts,political Psychology; Political communication; gender; and racial identity
@dorssom@sciences.social,Elizabeth Dorssom,https://sciences.social/@dorssom,American Political economy and political institutions
@joostvanspanje@mastodon.online,Joost van Spanje,https://mastodon.online/@joostvanspanje,parties; elections; media
@gsasso@mastodon.social,Greg Sasso,https://mastodon.social/@gsasso,Elections and voting right; bureaucracy; judicial politics; formal theory
@DrBenjaminHabib@aus.social,Ben Habib,https://aus.social/@DrBenjaminHabib,International Relations; North Korea; Climate change; Neurodiversity
@BlairWilliams26@aus.social,Blair Williams,https://aus.social/@BlairWilliams26,Gender politics; Australian politics; media; news; leaders; women politicians; feminism
@terrigivens@mastodonapp.uk,Terri Givens,https://mastodonapp.uk/@terrigivens,European Politics
@profmlremmel@mas.to,Megan Remmel,https://mas.to/@profmlremmel,Personality; legislative behavior; moving into local politics
@marcmartorell@mastodon.online,Marc Martorell Junyent,https://mastodon.online/@marcmartorell,Middle East Politics and History; IR; rebel governance
@dscagle@mastodon.sdf.org,Drew Cagle,https://mastodon.sdf.org/@dscagle,American Politics; Political Psychology; Political Behavior; Experimental Methods
@DrLinaB@mastodon.social,Lina Benabdallah,HTTPS://mastodon.social/@DrLinaB,Global politics
@MedDhiaH@sciences.social,Mohamed Dhia Hammami,https://sciences.social/@meddhiah,democracy; authoritarianism; elites; security studies; MENA politics;
@philliplipscy@fediscience.org,Phillip Lipscy,https://fediscience.org/@philliplipscy,International relations; political economy; international organization; environment; Japan
@amilliff@fediscience.org,Aidan Milliff,https://fediscience.org/@amilliff,Political Violence; South Asia; Emotions; Conflict
@prisonrodeo@mastodon.social,Christopher Zorn,https://mastodon.social/@prisonrodeo,Methodology; courts; law; judicial politics
@ProfLupton@mastodon.social,Danielle Lupton,https://mastodon.social/@ProfLupton,IR; Security; Foreign Policy; Political Elites; International Conflict; Military
@robertlepenies@mastodon.social,Robert Lepenies,https://mastodon.social/@robertlepenies,Ethics; Public Policy; Nudging; United Nations; Sustainability; Science
@kevintmorris@mastodon.social,Kevin Morris,https://mastodon.social/@KevinTMorris,Voting; Democracy; Elections; Criminal legal system
@lander@mastodon.green,Lander Goossens,https://mastodon.green/@lander,I am still a student at university. My interests are international relations; int. law
@FionaAdamson@mastodon.me.uk,Fiona B. Adamson,https://mastodon.me.uk/@FionaAdamson,International Relations; Migration; Diaspora; Peace and Security; Transnationalism
@melissabaker@mastodon.social,Melissa Baker,http://mastodon.social/@melissabaker,Political psychology; political behavior; methodology; information engagement
@AnnaGBusse@mas.to,Anna Grzymala-Busse,https://mas.to/@AnnaGBusse,religion and politics; the state; Europe; erosion of democracy
@VerglPolwi@mastodon.social,Armin Schäfer,https://mastodon.social/@VerglPolwi,Political inequality; representation; voter turnout; comparative politics
@oyvindbs@nerdculture.de,Øyvind Bugge Solheim,https://nerdculture.de/@oyvindbs,Far-right; social media; political behavior and terrorism
@AngieMaxwell@mastodon.online,Angie Maxwell,https://mastodon.online/@AngieMaxwell,Southern Politics; Gender and Politics; Public Opinion
@PaulSpicker@sciences.social,Paul Spicker,https://sciences.social/@PaulSpicker,Social policy; welfare state; public services
@jonmladd@mastodon.social,Jonathan Ladd,https://mastodon.social/@jonmladd,American Politics; Mass-Level Political Behavior; Political Communication
@q@mastodon.scot,Q Manivannan,https://mastodon.scot/@q,peacebuilding; care; grief; protests; political action; conflict
@jochemvnoord@mastodon.social,Jochem van Noord,https://mastodon.social/@jochemvnoord,political sociology; political psychology; education; social identity; group conflict
@jimtwombly@c.im,Jim Twombly,https://c.im/@jimtwombly,American Politics; institutions; presidency; public policy; public administration
@howlettm@mastodon.social,Howlettm,Https://mastodon.social/@howlettm,Public Policy and Administration
@AmritaNarlikar@mastodon.social,Amrita Narlikar,https://mastodon.social/@AmritaNarlikar,IR; International Political Economy; Foreign Policy; Negotiation; trade politics; India
@JBGruber@fosstodon.org,Johannes B. Gruber,https://fosstodon.org/@JBGruber,Political Communication
@sarangshah@mastodon.social,Sarang Shah,https://mastodon.social/@sarangshah,governance; law; political economy; democracy; history; philosophy of science
@JapanProf@mastodon.social,Margarita Estévez-Abe,https://mastodon.social/@JapanProf,Comparative Politics (Europe & E. Asia);  Varieties of Welfare States/Capitalism; Gender
@Carloprato@mastodon.social,Carlo Prato,https://mastodon.social/@Carloprato,Political Economy; Formal Political Theory; Electoral Systems; Comparative Politics
@cautiousoptimist@mstdn.social,Golrokh,https://mstdn.social/@cautiousoptimist,Middle East Politics; Social Movements; Labor and Trade Unions
@cmhenry_@mas.to,Colin Henry,https://mas.to/@cmhenry_,Political violence; online extremism; terrorism; cults; network analysis; machine learning
@micastre@mastodon.online,Michael A. Strebel,https://mastodon.online/@micastre,Political behavior; democratic legitimacy; local and urban governance
@davegraham@fediscience.org,Dave Graham,https://fediscience.org/@davegraham,agonism; adversarial behaviour; social transformation; information transfer
@RobinLTurnerPhD@mstdn.social,Robin L. Turner,https://mstdn.social/@RobinLTurnerPhD,Comparative; southern Africa; property; tradition; natural resources; gender
@ScottFAbramson@mastodon.coffee,Scott Abramson,https://mastodon.coffee/@ScottFAbramson,IR/CP
@stefanmueller@mastodon.social,Stefan Müller,https://mastodon.social/@stefanmueller,Representation; political communication; public opinion; text analysis
@argohdes@mastodon.social,Anita Gohdes,https://mastodon.social/@argohdes,international relations; social media; cyber; conflict; repression
@philjones@mastodon.social,Phil Jones,https://mastodon.social/@philjones,LGBTQ politics; Public opinion; Voting
@hzbrandenburg@ieji.de,Heinz Brandenburg,https://ieji.de/@hzbrandenburg,Elections; voting; political communication
@bschlipphak@fediscience.org,Bernd Schliphhak,https://fediscience.org/@bschlipphak,political communication; political psychology; international relations
@ioantrifu@mstdn.jp,Ioan Trifu,https://mstdn.jp/@ioantrifu,Japanese politics and political history; Cultural heritage; Disaster; Climate change
@flavioazevedo@mastodon.social,Flavio Azevedo,https://mastodon.social/@flavioazevedo,Political Behavior; Public Opinion; Political Psychology; American Politics; Ideology
@sebkoehle@mastodon.online,Sebastian Koehler,https://mastodon.online/@sebkoehle,Political Economy; Legislative Politics; Lobbying; Institutions; Political Decision-making
@catarinaleao@mastodon.online,Catarina Leão,https://mastodon.online/@catarinaleao,Political Economy; Democratization; Autocratic Legacies; Extremism; Party Systems
@ChrisLamont@mstdn.jp,Chris Lamont,https://mstdn.jp/@ChrisLamont,International Relations; Human Rights
@percepticon@ioc.exchange,Matthias Schulze,https://ioc.exchange/@percepticon,International relations; cyber conflict; cyber security; disinformation
@aziel@mastodon.green,Anna C. Zielinska,https://mastodon.green/@aziel,Global justice; legal positivism; populisms; queer international relations
@mattmotta@mastodon.social,Matt Motta,https://mastodon.social/@mattmotta,Political Psychology; Public Opinion; Health Policy; Misinformation; Health Communication;
@Miweintraub83@econtwitter.net,Michael Weintraub,https://econtwitter.net/@Miweintraub83,Comparative politics; crime; civil war; experiments; surveys
@thomasvargas@fediscience.org,Thomas Vargas,https://fediscience.org/@thomasvargas,Comparative Politics; Political Economy; Misinformation
@carlmc@mas.to,Carl Müller-Crepon,https://mas.to/@carlmc,conflict; state building; ethnicity; GIS; history; Africa
@JessGifkins@mastodon.social,Dr Jess Gifkins,http://mastodon.social/@JessGifkins,International relations; United Nations; R2P; practices; LGBTQI+; early warning
@Prof_BearB@mastodon.social,Bear F. Braumoeller,https://mastodon.social/@Prof_BearB,Computational social science; international order and conflict; political methodology
@waffle@mas.to,Ivy Orr Hamerly,https://mas.to/@waffle,Comparative Politics; parliamentary institutions; oversight; democratic legitimacy; Europe
@johsvogel@scholar.social,Johannes S. Vogel,https://scholar.social/@johsvogel,Discourse; Poststructuralism; Mixed Methods; Text Analysis; Climate; Development; Cambodia
@javier_carbonell@econtwitter.net,Javier Carbonell,https://econtwitter.net/@javier_carbonell,Comparative politics; nationalism; mainstream parties; far-right; inequality; IR Theory
@BenCrum@mastodon.social,Ben Crum,https://mastodon.social/@BenCrum,Democratic theory; European Union institutions; International political theory;Parliaments
@williamcallison@econtwitter.net,William Callison,https://econtwitter.net/@williamcallison,Political Theory
@borisheersink@sciences.social,Boris Heersink,https://sciences.social/@borisheersink,American politics (American Political Development; Political Parties; Campaigns)
@fgenovese@mastodon.social,Federica Genovese,Https://mastodon.social/@fgenovese,Political economy
@Emmac@Mastodon.uno,Cecilia Emma Sottilotta,https://mastodon.uno/@EmmaC,political risk; EU; European politics; Italian politics;Latin American politics
@hanfling@mastodon.social,Eyal Hanfling,https://mastodon.social/@hanfling,South Asia; political violence; ethnic politics; social media
@VSapiro@mastodon.social,Virginia Sapiro,HTTPS://mastodon.social/@VSapiro,Political psychology; gender politics; higher education; U.S. politics
@sandipto@mstdn.social,Sandipto Dasgupta,https://mstdn.social/@sandipto,Political Theory; History of Political Thought; Decolonization; Law; South Asia
@mareksteedman@mstdn.social,Marek Steedman,https://mstdn.social/@mareksteedman,Political theory
@mjb@sciences.social,Mark Brandt,https://sciences.social/@mjb,Political Psychology; Belief Systems
@markvicol@mastodon.social,Mark Vicol,https://mastodon.social/@markvicol,Agrarian political economy; rural politics; agricultural markets
@pierotortola@mastodon.uno,Piero Tortola,https://mastodon.uno/@pierotortola,European integration; state theory; institutionalism; technocracy.
@mysterio@mastodon.com.tr,Gizem Kaftan,https://mastodon.com.tr/@mysterio,Populism; European Union politics; Poland; Hungary; Quantitative Methods
@egojunk@mstdn.social,Eric Gonzalez Juenke,https://mstdn.social/@egojunk,Elections; Race; Ethnicity; U.S. Politics; Latinx Politics; Chicanx Politics
@valescal@mastodon.sdf.org,Valesca Lima,https://mastodon.sdf.org/@valescal,Participatory Democracy  Governance  Housing policy Participation
@alesojka@mastodon.green,Aleksandra Sojka,https://mastodon.green/@alesojka,politics; political sociology; public opinion of European Union & Europe
@mario_angst_sci@fediscience.org,Mario Angst,https://fediscience.org/@mario_angst_sci,Governance; Networks; Sustainability; Digitalization
@Jrhopkin@econtwitter.net,Jonathan Hopkin,https://econtwitter.net/@Jrhopkin,Political Economy; Europe; Party Politics
@guipeti@sciences.social,Guillaume Petit,https://sciences.social/@guipeti,Democracy ; political participation ; institutions ; political field ; critical citizens
@cycheng0615@econtwitter.net,Chao-yo Cheng,https://econtwitter.net/@cycheng0615,Political economy of development and institutions; race and ethnicity; Asian politics
@ortutt@mastodon.social,Or Tuttnauer,https://mastodon.social/@ortutt,Parliaments; political parties; electoral behavior
@MaureenEger@sciences.social,Maureen A. Eger,https://sciences.social/@MaureenEger,Immigration; Nationalism; Radical Right; Welfare State; Public opinion
@kamil_bernaerts@fediscience.org,Kamil Bernaerts,https://fediscience.org/@kamil_bernaerts,“Polarization”; “democracy”; “conflict”
@mattiaguidi@mastodon.uno,Mattia Guidi,https://mastodon.uno/@mattiaguidi,Global Political Economy; Comparative Political Economy; EU Politics
@conjugateprior@colliderbias.net,Will Lowe,https://colliderbias.net/@conjugateprior,Methodology; Text analysis; Causal inference; Legislative politics; Political economy
@rebeccagill@mas.to,Rebecca Gill,https://mas.to/@rebeccagill,Law & Courts; American Politics; Nevada Politics
@jessicacalarco@mastodon.social,Jess Calarco,https://mastodon.social/@jessicacalarco,inequality; social policy; families; schools
@thinkwoodist@econtwitter.net,James Wood,https://econtwitter.net/@thinkwoodist,financialization; crisis construction; Comparative Political Economy
@se_parkinson@mstdn.social,Sarah E. Parkinson,https://mstdn.social/@se_parkinson,MENA; organizations; disasters; violence; ethics; qualitative methods
@miket_32@mastodon.social,Mike Thompson-Brusstar,https://mastodon.social/@miket_32,Chinese politics; bureaucracy; text as data
@RebeccaBestIR@mstdn.social,Rebecca Best,https://mstdn.social/@RebeccaBestIR,International relations; civil conflict; terrorism; women and conflict; women veterans
@Rkdasgupta@mastodon.lol,Rohit K Dasgupta,https://mastodon.lol/@rkdasgupta,Labour; ethnic politics; local government; policy
@filipe_teles@sciences.social,Filipe Teles,https://sciences.social/@filipe_teles,Local governance; local politics; subnational institutions; comparative local governance
@jbaughman@mastodon.social,John Baughman,https://mastodon.social/@jbaughman,legislative institutions; American political development
@luciamc@mastodon.online,Lucia Motolinia,https://mastodon.online/@luciamc,Comparative politics; electoral institutions; distributive politics; Mexico; text as data
@TinaJung@mastodon.lol,Tina Jung,https://mastodon.lol/@TinaJung,Political theory ; gender studies
@tompepinsky@mstdn.social,Tom Pepinsky,https://mstdn.social/@tompepinsky,comparative politics; political economy; Southeast Asia; methods; Europe
@baole@fediscience.org,Le Bao,https://fediscience.org/@baole,Methodology; political behavior; polarization; environmental politics
@Marielle_W@mastodon.social,Mariëlle Wijermars,https://mastodon.social/@Marielle_W,Digital authoritarianism; Internet policy; Political communication; Russia
@timoseidl@mastodon.social,Timo Seidl,https://mastodon.social/@timoseidl,digitalization; political economy; text-as-data; eu
@fewohlgemuth@sciences.social,Felix Wohlgemuth,https://sciences.social/@fewohlgemuth,social policy; family policy; political institutions; Austria; microsimulation; parties;
@dmugge@indieweb.social,Daniel Mügge,https://indieweb.social/@dmugge,Political economy; artificial intelligence; regulation; EU governance
@devon_cantwell@mastodon.social,Devon Cantwell-Chavez,https://mastodon.social/@devon_cantwell,global city climate governance; urban climate politics; norms in climate governance
@lnachman32@mastodon.social,Lev Nachman,https://mastodon.social/@lnachman32,Political participation; social movements; Taiwanese politics; Chinese politics
@amwellstead@mastodon.social,Adam Wellstead,https://mastodon.social/@amwellstead,I am a professor of public policy at Michigan Technological University.
@KiraM@someone.elses.computer,Kira Matus,https://someone.elses.computer/@KiraM,Public policy; science advice in policy and politics; sustainability and innovation
@jeromeysims@mstdn.social,Jeromey Sims,https://mstdn.social/@jeromeysims,Political theory; religion; capitalism; political ideology
@jamesigoewalsh@mastodon.social,James Igoe Walsh,https://mastodon.social/@jamesigoewalsh,International politics; conflict
@Maximilian_Mayer@mastodon.social,Maximilian Mayer,https://mastodon.social/@Maximilian_Mayer,International Relations; infrastructure; global political economy; technology
@mplouffe@scholar.social,Michael Plouffe,https://scholar.social/@mplouffe,International political economy; international relations; comparative institutions
@LeanneCPowner@mas.to,Leanne C. Powner,https://mas.to/@LeanneCPowner,intl cooperation/orgs; faculty & PhD student success
@triciaolsen@mastodon.social,Tricia Olsen,https://mastodon.social/@triciaolsen,
@tomlouwerse@akademienl.social,Tom Louwerse,https://akademienl.social/@tomlouwerse,Parliaments; Representation; Opposition; Cabinet governance; Polls; Dutch politics
@drnikford@mas.to,Nik Ford,https://mas.to/@drnikford,Central/Eastern Europe; Eurasia; North Caucasus Democratization Authoritarianism Security
@mheil@bildung.social,Matthias Heil,https://bildung.social/@mheil,Political Theory; Education; Revolutionary Theory
@smaideman@mastodon.social,Steve Saideman,https://mastodon.social/@smaideman,International Relations; Civil-Military Relations; Canadian Defence; Ethnic Conflict
@emmalbriant@mastodon.online,Emma L. Briant,https://mastodon.online/@emmalbriant,
@griverorz@mastodon.social,Gonzalo Rivero,https://mastodon.social/@griverorz,
@SerhatTutkal@fediscience.org,Serhat Tutkal,https://fediscience.org/@SerhatTutkal,Political violence; armed conflicts; political communication; racism; authoritarianism
@SamCrawley@scholar.social,Sam Crawley,https://scholar.social/@SamCrawley,Public opinion on climate change; comparative politics; political behaviour
@julianschuess@mastodon.online,Julian Schuessler,https://mastodon.online/@julianschuess,Methods
@ans@ukrainian.network,Anselm Schmidt,https://scholar.social/@lookeastwards,Agency and the Media in Russia's War on Ukraine; Area Studies in between Russia and the EU
@le_rstelle@social.tchncs.de,Markus Hennig,https://social.tchncs.de/@le_rstelle,Political Theory; esp. Critical Theory; Western Marxism; Social Theories
@colaresi@mastodon.social,Michael Colaresi,https://mastodon.social/@colaresi,Computational Social Science; Political Violence; Disinformation; Secrecy; Human Rights
@peterlevine@mastodon.sdf.org,Peter Levine,https://mastodon.sdf.org/@peterlevine,
@pcmagalhaes@mastodon.social,Pedro Magalhães,https://mastodon.social/@pcmagalhaes,"Elections, Public Opinion, and Judicial Politics"
@brenton_peterson@sciences.social,Brenton Peterson,https://sciences.social/@brenton_peterson,Behavior & elections; African politics; social/ethnic identity; conflict; survey methods


